{
  "project_info": {
    "project_number": "968518211247",
    "firebase_url": "https://plantis-fb.firebaseio.com",
    "project_id": "plantis-fb",
    "storage_bucket": "plantis-fb.appspot.com"
  },
  "client": [
    {
      "client_info": {
        "mobilesdk_app_id": "1:968518211247:android:be35a423997484344ae65a",
        "android_client_info": {
          "package_name": "com.cursoflutter.caipora.plantis"
        }
      },
      "oauth_client": [
        {
          "client_id": "968518211247-iqn96b9mqgmdnvfkrvjjfok6t6320837.apps.googleusercontent.com",
          "client_type": 1,
          "android_info": {
            "package_name": "com.cursoflutter.caipora.plantis",
            "certificate_hash": "be576945ee3965d507c36e306df6842ab4a2a355"
          }
        },
        {
          "client_id": "968518211247-do6kmms1lb63kkgph2386s8k0fb9emka.apps.googleusercontent.com",
          "client_type": 3
        }
      ],
      "api_key": [
        {
          "current_key": "AIzaSyDi8qrVLQxOwJkSzp9I2PTRPeAeKlmMNhg"
        }
      ],
      "services": {
        "appinvite_service": {
          "other_platform_oauth_client": [
            {
              "client_id": "968518211247-do6kmms1lb63kkgph2386s8k0fb9emka.apps.googleusercontent.com",
              "client_type": 3
            }
          ]
        }
      }
    }
  ],
  "configuration_version": "1"
}